query,title
蝦皮賣家,沒商品也能當賣家？蝦皮素人網紅分潤月賺9萬 MIT能反攻淘寶貨？ - 天下雜誌
蝦皮賣家,引爆網購物流割喉戰 i郵箱祭38元破盤價 電商蝦皮賣家樂歪 - news.cnyes.com
蝦皮賣家,蝦皮賣家欠稅280萬遭管收！親友急捧現金救人 他竟拒絕：關一個月可省50萬 - 知新聞
蝦皮賣家,蝦皮賣家上榜！消費爭議不友善黑名單曝光 一場演唱會讓Klook和這公司都入列 | 李瑋萱 | 新聞 - Storm.mg
蝦皮賣家,蝦皮免運新制爆爭議！賣家批沒賺到錢反被「割韭菜」　官方解釋了 - 三立新聞網SETN.com
蝦皮賣家,出售小物成功一看訂單「倒賠14元」！小賣家傻眼怒轟蝦皮- 生活 - 自由時報
蝦皮賣家,蝦皮賣家「喪禮毛巾盒」當包裝 買家當場秒退怒批觸霉頭 - Yahoo新聞
蝦皮賣家,蝦皮新制備貨限縮、補貼綁定，賣家喊苦釀出走潮，專家提供4點自救之道 - TNL The News Lens 關鍵評論網
蝦皮賣家,賣50元竟倒貼平台14元慘變負債　小賣家喊苦：新年第一筆欠蝦皮錢 - ETtoday新聞雲
蝦皮賣家,蝦皮新制遭批「割韭菜」！賣家沒賺錢還倒貼 官方今回應了 - 壹蘋新聞網
蝦皮賣家,蝦皮分潤機制打造創作者、賣家、買家三贏電商新生態 | 熱門亮點 | 商情 - 經濟日報
蝦皮賣家,這賣家全是贓物！蝦皮接單後才去偷 連鎖賣場損失百萬 - 民視新聞網
蝦皮賣家,【每日揭詐】網購退貨機制遭濫用！蝦皮賣家被「買真退假」調包詐欺| 社會焦點 - 太報 TaiSounds
蝦皮賣家,蝦皮盲盒龍頭宣告倒閉！五年經營「百萬賣家」也撐不住 達人揭殘酷真相 - 三立新聞網SETN.com
蝦皮賣家,蝦皮2026新制藏陷阱？她賣50元商品反變虧錢：錢沒賺到還倒貼14元 | 魏甫丞 | 風生活 - Storm.mg
蝦皮賣家,北市公告消費爭議黑名單 蝦皮賣家、 Klook客路都上榜 - 自由財經
蝦皮賣家,2025蝦皮金選獎47位賣家獲獎 逾百入圍賣家共襄盛舉見證十年深耕有成 | 產業動態 | 商情 - 經濟日報
蝦皮賣家,2025「蝦皮金選獎」登場！百位賣家齊聚見證十年深耕電商成果 - UDN
蝦皮賣家,蝦皮賣家遭抽超高手續費「收益變負數」！釣出一大票苦主：怎麼不去搶 - 鏡週刊Mirror Media
蝦皮賣家,蝦皮台灣總座獨家專訪揭密》撒免運、店到店都不是護城河！它靠什麼打贏momo、酷澎？－封面摘要｜商周 - 商周
蝦皮賣家,不出席消費糾紛協商　蝦皮賣家居冠 - 好房網News
蝦皮賣家,獨家／蝦皮物流單、紙箱「被換」5商品遺失 賣家告偷竊 - 東森新聞
蝦皮賣家,蝦皮盲盒名店倒閉後的「殘酷現實」 專家：進入收割模式！賣家憂養套殺 - 知新聞
蝦皮賣家,北市消費不友善企業 蝦皮賣家、滿場娛樂、Klook上榜 - 自由時報
蝦皮賣家,詐團滲入軍方！上士利誘逾60同袍「出租」蝦皮帳戶供作人頭戶，馬防部：依法究辦 - TNL The News Lens 關鍵評論網
蝦皮賣家,電商之戰！從蝦皮出走轉戰酷澎銷售 賣家見入帳明細後悔了 - 壹蘋新聞網
蝦皮賣家,年賺近8千萬還欠稅！蝦皮賣家遭管收 1.4億資金流向不明 - 中時新聞網
蝦皮賣家,蝦皮賣家上榜！消費爭議不友善黑名單曝光 一場演唱會讓Klook和這公司都入列 | 風傳媒 - LINE TODAY
蝦皮賣家,台灣電商慘，蝦皮靠店到店突圍？他示警恐有「致命打擊」：賣家利潤越來越薄 | 李瑋萱 | 新聞 - Storm.mg
蝦皮賣家,「我們是市場第一，但還有成長空間」每月 4 億人次觀看，蝦皮直播背後的數據戰 - 經理人
蝦皮賣家,北市點名消費爭議黑名單　蝦皮賣家、Klook無故缺席協商慣犯 - ETtoday新聞雲
蝦皮賣家,蝦皮新規傷賣家及電商業 業者促政府嚴防管制 - 大纪元
蝦皮賣家,百位蝦皮賣家齊聚 見證十年深耕成果 傳產靠行銷拼轉型 - 民視新聞網
蝦皮賣家,上士出租蝦皮帳號涉洗錢 連江地檢追出60名現役軍人 - UDN
蝦皮賣家,【每日揭詐】 蝦皮買家具遲不到貨？賣家瞎掰「清關中」 他一查 EZ Way 驚見：根本沒出貨 - Yahoo新聞
蝦皮賣家,北市府怒點不友善企業名單 蝦皮賣家、Klook、滿場娛樂都上榜 - TVBS新聞網
蝦皮賣家,蝦皮賣99元被抽70元手續費 小資女賣家氣罵「怎麼回事啊！」 - 壹蘋新聞網
蝦皮賣家,苦撐5年！蝦皮盲盒霸主倒閉 老闆血淚揭：月收百萬只能養1人 - TVBS新聞網
蝦皮賣家,就怕蝦皮扣分！老闆要求出完千張訂單 員工拚15小時還要自付餐費 - 壹蘋新聞網
蝦皮賣家,蝦皮購物推「全站大免運」　12 月試行、2026 年全面上線 - 三立新聞網SETN.com
蝦皮賣家,東西沒了還欠錢？ 蝦皮2026新制爆爭議 出清商品反虧錢 - 東森電視
蝦皮賣家,蝦皮盲盒「銷售龍頭」宣布倒閉 達人嘆：未來只會看到越來越多 - 壹蘋新聞網
蝦皮賣家,蝦皮賣過年糖果！賣家誠實勸「難吃別買」一票人笑翻 - Yahoo新聞
蝦皮賣家,消費糾紛協商屢缺席 北市點名「不友善企業」蝦皮賣家居冠 - 翻爆
蝦皮賣家,蝦皮推「全站大免運」！店取滿199、宅配滿490就OK，背後看中什麼效益？ | 數位時代 - LINE TODAY
蝦皮賣家,蝦皮購物推全站大免運 試行、上路時間曝 | NOWNEWS今日新聞 - LINE TODAY
蝦皮賣家,北市點名消費爭議黑名單 滿場娛樂、Klook上榜是因「老菸槍雙人組」 - UDN
蝦皮賣家,蝦皮購物發表《10週年影響力報告》與紀錄片 揭示在地連結與文化傳承成果 - Zeek玩家誌
蝦皮賣家,馬防部成詐團溫床？上士涉成幫兇收逾60官兵帳戶賣帳號 下場慘了 | 民視新聞網 - LINE TODAY
蝦皮賣家,一年賣出五千個電子書翻頁器！她在家照顧媽媽 順手做成了一門生意 - Business Insider Taiwan
蝦皮賣家,連檢啟動預警中心機制 查獲馬防部士官兵銀行帳戶售詐團 - 匯流新聞網
蝦皮賣家,蝦皮首創環保無包裝擴大服務 節省耗材全年挑戰減碳1.3萬公噸 推動環境永續與綠色經濟雙贏 - 自由電子報3C科技
蝦皮賣家,1款過年糖超難吃！賣家標題勸退別下單掀網朝聖 | 民視新聞網 - LINE TODAY
蝦皮賣家,蝦皮領發票「掃QR Code」！內行人揭「雲端歸戶」真相：不是詐騙 - 四季線上4gTV
蝦皮賣家,折抵蝦幣遭「取消訂單」！買家錯愕：是在哈囉 客服吐「賣家收益變化」真相 | 陳姿諭 | 全解析 - Storm.mg
蝦皮賣家,北市法務局公布不友善企業　必要時聯合稽查或請到市府「喝咖啡」 | 政治 | CTWANT - CTWANT
蝦皮賣家,夏季「爆紅神器」出事了 蝦皮13賣家遭罰開單 - Yahoo新聞
蝦皮賣家,蝦皮網購「掃QR Code領發票」！他擔心遇到詐騙內行人曝真相| TVBS - LINE TODAY
蝦皮賣家,年賺近8千萬還欠稅!蝦皮賣家遭管收 1.4億資金流向不明 - MSN
蝦皮賣家,這款過年糖果超難吃？賣家標題「勸退網友別買」全網共鳴笑噴：真的吃不懂 - 四季線上4gTV
蝦皮賣家,蝦皮標示現貨「卻要等兩周才到」 內行教4招辨識：這裡出貨是淘寶貨 - TEEPR 亮新聞
蝦皮賣家,蝦皮代購韓國商品被開罰 超夯奶昔被禁賣1原因成關鍵 - 壹蘋新聞網
蝦皮賣家,蝦皮免運新制爆爭議! 賣家批沒賺到錢反被「割韭菜」 官方解釋了 - MSN
蝦皮賣家,蝦皮盲盒龍頭宣告倒閉! 五年經營「百萬賣家」 也撐不住達人揭殘酷真相 - MSN
蝦皮賣家,蝦皮「3億營收賣家GG」？一則被公告消息背後，凸顯賣家正在打「沒贏面的仗」 - 數位時代
蝦皮賣家,夏季賣爆「神器」竟違規 蝦皮13賣家慘被罰 - Yahoo新聞
蝦皮賣家,「夏日1神器」蝦皮販售竟違規　13賣家被罰了 - ETtoday新聞雲
蝦皮賣家,【觀點】蝦皮「億萬等級」賣家熄燈！曾經1天秒殺1貨櫃泡麵，為何快速殞落？ - 數位時代
蝦皮賣家,用蝦幣折抵200元 賣家拒出貨「折抵金額太多」！他翻白眼 - ETtoday新聞雲
蝦皮賣家,蝦皮APP祕密被揭發！消費者按1鍵就被監視，賣家認了會盯著看 - Storm.mg
蝦皮賣家,「優選賣家」7月起增抽成挨批蝦皮：增賣家成效- 生活 - 華視新聞網
蝦皮賣家,蝦皮聊聊「別說謝謝」！賣家崩潰曝原因：拜託已讀就好 - Storm.mg
蝦皮賣家,蝦皮賣家崩潰告白，年營收近億卻失敗了...他揭低價進中國貨陷阱「剛開始一兩件賺很爽」，為何後來根本賺不到錢？ - 今周刊
蝦皮賣家,蝦皮賣家分享「賺錢秘訣」 內行曝一動作：真的要做到才會賺 - UDN
蝦皮賣家,蝦皮APP秘密爆出來了！用戶「按1鍵」被看光　賣家承認：一直盯著 - NOWnews今日新聞
蝦皮賣家,蝦皮億級賣家收攤、電商狂漲收費！專家：想存活，供應商要從 5 面向擠「管理財」 - 經理人
蝦皮賣家,〈報稅看這裡〉蝦皮賣家最開心！電商課稅門檻從月銷4萬調高至5萬「這天」生效 - news.cnyes.com
蝦皮賣家,蝦皮「按1鍵」全被看光！大批用戶驚呆 賣家認了：一直緊盯 - Yahoo新聞
蝦皮賣家,中國「高仿品」流進台灣 靠「租蝦皮」帳號賣假貨獲利逾3億 - 華視新聞網
蝦皮賣家,蝦皮賣家上架「未核准免疫製劑」！ 食藥署：最高關7年 - Yahoo新聞
蝦皮賣家,蝦皮海外購物退款卻不要貨？網友點破「這原因」讓賣家不敢收！｜熱門話題 - 網路溫度計DailyView
蝦皮賣家,「平民燕窩」放上蝦皮販售慘了！最重罰200萬　賣家緊急下架 - ETtoday新聞雲
蝦皮賣家,獨／蝦皮賣家「披薩盒」當包裝　文青正妹狂嘔：裡面還有殘渣 - 三立新聞網SETN.com
蝦皮賣家,蝦皮「按1鍵」全被看光！大批用戶驚呆　賣家認了：一直緊盯 - 三立新聞網SETN.com
蝦皮賣家,蝦皮賣家上架免疫製劑1盒4千元 食藥署：最高可關7年 - UDN
蝦皮賣家,蝦皮購物訊息別再回「謝謝」了！賣家揭真相，網友驚：難怪我被封鎖 - 食尚玩家
蝦皮賣家,電商創業「年收百萬」怎辦到？ 內行曝「關鍵動作」：做了才會賺 - Yahoo股市
蝦皮賣家,妹子買了又退貨！蝦皮賣家氣炸…怒PO個資公審　超慘下場曝光 - 三立新聞網SETN.com
蝦皮賣家,妹子買了又退貨！蝦皮賣家氣炸…怒PO個資公審 超慘下場曝光 | 三立新聞網 - LINE TODAY
蝦皮賣家,妹子買了又退貨！蝦皮賣家氣炸…怒PO個資公審 超慘下場曝光 - Yahoo新聞
蝦皮賣家,蝦皮首創「環保無包裝」 攜手賣家減少碳排 - MSN
蝦皮賣家,嘉義28歲蝦皮賣家2個月賺4100萬　逃稅219萬不繳！慘遭管收 - 鏡週刊Mirror Media
蝦皮賣家,租290個蝦皮帳號賣假貨　仿真集團海撈3億 - 鏡新聞
蝦皮賣家,「做蝦皮才知可這樣玩」！女賣家眼界大開曝亂象 揭取消訂單竟為了這事 - Yahoo新聞
蝦皮賣家,年賺逾3億！租290個蝦皮帳號賣名牌假貨　10嫌遍及北中南被逮 - NOWnews今日新聞
蝦皮賣家,蝦皮賣家懇求客人「別說謝謝」！無奈原因全說了：直接已讀沒關係 - NOWnews今日新聞
蝦皮賣家,蝦皮賣場竟販售異膚免疫抑制劑　食藥署：涉賣偽禁藥最重可關7年 - ETtoday健康雲
蝦皮賣家,蝦皮賣家寄錯商品「要求不用送回」？過來人曝關鍵：不如送你| 自由電子報 - LINE TODAY
蝦皮賣家,蝦皮賣場莫名被凍結 「無負評」賣家無奈嘆：AI時代的受害者 - 壹蘋新聞網
蝦皮 競品,「爬也要回千金股！」蔡明忠揭 momo 雙軌策略，該如何抗衡酷澎、蝦皮？ - 經理人
蝦皮 競品,蝦皮購物統計暑期實習計畫七年成果 助逾百位青年強化職場競爭力 - 經濟日報
蝦皮 競品,公路極限甩尾！《極限競速：地平線6》上演蝦皮、全家尬車 官方回應了 | 華視新聞 - LINE TODAY
蝦皮 競品,《地平線6》台灣人太猛！蝦皮、全家物流車甩尾狂飆　官方也朝聖 - NOWnews今日新聞
蝦皮 競品,我如何拿到蝦皮 shopee 行銷企劃實習 offer？｜面試經驗分享面試經驗暨工作甘苦談 - 1111人力銀行
蝦皮 競品,蝦皮購物「10.10 品牌週年慶」開跑！熱銷夯品限時下殺6折起　祭3大優惠全面回饋 - UDN
蝦皮 競品,疫情紅利退散！九大電商工作數高檔回落 仍為5年高點｜104玩數據 - 104職場力
蝦皮 競品,買iPhone別賭人品！官網、通訊行、蝦皮怎選？內行曝「第4選項」 - NOWnews今日新聞
蝦皮 競品,以示負責！三星蝦皮官方商城標錯價，2.8 折全數出貨 - TechNews 科技新報
蝦皮 競品,蝦皮購物舉辦「蝦皮金選獎」持續打造更便利的電商環境　與賣家共榮共好 - ETtoday新聞雲
蝦皮 競品,Shopee 蝦皮產品測試工程師 6 個月實習工作心得｜工作甘苦談面試經驗暨工作甘苦談 - 1111人力銀行
蝦皮 競品,雙11優惠｜Coupang推尿布最低價，Costco滿萬折千、蝦皮清淨機省2萬、Yahoo奇摩全站5折 - 數位時代
蝦皮 競品,轉賣平台那麼多，拍拍圈不怕和蝦皮、旋轉拍賣搶地盤？一圖看懂二手電商群雄戰略 - 經理人
蝦皮 競品,G102第二代電競滑鼠全面升級 蝦皮超品日首亮相！ - computerdiy.com.tw
蝦皮 競品,蝦皮購物力挺LMS，應援閃電狼推出集氣優惠 - 4Gamers
蝦皮 競品,行銷策略也要「混血化」！看品牌如何透過敘事、遊戲深入人心 - 未來商務
蝦皮 競品,自蝦皮買益生菌疑收仿冒品！官方5方法辨識真假貨 - 鏡報
電商賣家工具,從專業設計到零門檻AI 商品圖生成 耀鏡AI推動電商工具平民化 - extra.rakuya.com.tw
電商賣家工具,直球「現今 AI 應用痛點」！ VeloFlow.ai 攜手電商平台與品牌打造億元銷售額 - PChome Online 新聞
電商賣家工具,TikTok Shop美國小型賣家銷售飆漲66% 購物娛樂化重塑電商生態 - 蕃新聞
電商賣家工具,2026亞馬遜全球開店博覽會聚焦跨境電商發展 - 中華新聞雲／中華日報
電商賣家工具,一個計算機搞清楚電商毛利，AZ-Helper如何成為台灣賣家出海神隊友？ - Meet創業小聚
電商賣家工具,亞馬遜全球開店以AI賦能跨境電商！台灣賣家出口海外業績飆 - NOWnews今日新聞
電商賣家工具,亞馬遜跨境電商高峰會登場 推新物流、AI工具助台灣企業搶攻國際市場 - 科技島
電商賣家工具,讓 AI 幫你賣全球！阿里巴巴、亞馬遜紛推跨境電商新工具，能省下 70% 工作量？ - TechOrange 科技報橘
電商賣家工具,精誠OneEC結盟SHOPLINE、iOPEN Mall 建構電商生態圈祭出最強「電商千萬補貼」強強聯手開拓數位銷售新藍海 - CIO Taiwan
電商賣家工具,TikTok Shop美國小型賣家銷售飆漲66% 購物娛樂化重塑電商生態 - 商傳媒
電商賣家工具,盤點7間零售巨頭法說會，靠物流能力發展電商是主旋律，還靠AI改善買家與賣家體驗 - iThome
電商賣家工具,生成式AI引爆跨境電商新局！亞馬遜創新工具賦能賣家，全面提升產品、物流、團隊、行銷力 - 數位時代
電商賣家工具,台灣小電商3個困境，讓亞馬遜首度敞開大門！只要一本護照就能殺進北美3億用戶 - 數位時代
電商賣家工具,AI × 出海新策略！亞馬遜跨境電商高峰會重磅登場，為台灣企業量身打造「出海突圍」新戰略！ - 數位時代
電商賣家工具,Rosetta.ai 化身電商陪跑員 攜手SHOPLINE助賣家解決站內行銷痛點 - 財訊
電商賣家工具,訊連聯手露天提供賣家 AI 行銷工具 Promeo：內建 AI 產品相片生成功能、電商小白也能輕鬆上手 - T客邦
電商賣家工具,亞馬遜全球開店讓AI與跨境電商成台灣出口新動能　去年以來二位數成長 - ETtoday財經雲
電商賣家工具,[本土電商跨足數位行銷，一年創造3億交易額]RMN先行者Pinkoi五年跨界轉型路 - iThome
電商賣家工具,RMN 3.0浪潮，統一、全家跨足新戰場！解析台灣零售業數位行銷產業地圖 - 104職場力
電商賣家工具,美圖設計室：以AI工具助力電商行業“加速跑” - 人民网-福建频道
電商賣家工具,SHOPLINE 攜手 iOPEN Mall、精誠 OneEC 三方結盟，打造最強開放生態圈合力推出「電商千萬補貼」計畫 - 威傳媒新聞
電商賣家工具,電商文案、圖片、動畫都可生成，AI如何讓你成為蝦皮最強賣家？ - 數位時代
電商賣家工具,「2024零售趨勢大師高峰會」推電商千萬補貼計畫建構電商生態圈- 商情 - 工商時報
電商賣家工具,經營電商不用煩惱庫存與訂單了！Odoo 推出最新 Shopee 蝦皮連接器專屬 API 工具放大商機 - inside.com.tw
電商賣家工具,台北市電腦公會、亞馬遜發布趨勢報告 逾八成中小企業認電商為出口必要管道 - 中央社 CNA
電商賣家工具,亞馬遜全球開店3策略 加速台企跨境電商 - 自由財經
電商賣家工具,美國電商平台始祖Newegg招募最強台灣品牌攜手跨境 - 數位時代
電商賣家工具,視宇推「電子商務的搜尋引擎」Viewider，用AI幫助中小企業進攻跨境電商 - Meet創業小聚
電商賣家工具,AI工具革新影像設計 五大工作流程提升後製效率 - 樂聯網
電商賣家工具,桃園青年局招募中路電商基地會員　助創業者掌握全球產業脈動 - 好房網News
電商賣家工具,亞馬遜七萬五千賣家年營收破百萬美元 AI助攻成效顯著 - 科技新聞 - PChome Online 新聞 - PChome Online 新聞
電商賣家工具,複雜圖片去背不再頭痛！Aiarty Image Matting 實測與完整教學 - 流動日報
電商賣家工具,電商效率革命來臨！免費去背到 AI 商品圖生成 「耀鏡 AI」打造一站式電商製圖平台 - 蕃新聞
電商賣家工具,Alibaba.com廖羿琦：珍奶原料為台食品賣家出口大宗 - 放言Fount Media
電商賣家工具,用電商思維做線上開課工具，Teachify如何位創作者打通「知識變現」之路？ - Meet創業小聚
電商賣家工具,Amazon新AI工具可幫賣家自動生成「吸引買家的文案」，不是數學家也看得懂 - 鏈新聞 ABMedia
電商賣家工具,Promeo app：在手機上就能把產品照用AI一鍵生成多種背景，電商賣家秒生專業商品照| T客邦 - LINE TODAY
電商賣家工具,亞馬遜全球開店發表2023年度三大策略 加速台企數位轉型 - 威傳媒新聞
電商賣家工具,賣貨便成詐騙工具 7-ELEVEN：勿點不明連結 - UDN
電商賣家工具,亞馬遜推出「新賣家入門大禮包」！助力賣家「輕鬆啟航」 前進全球跨境電商藍海版圖 - computerdiy.com.tw
電商賣家工具,訊連科技結盟英特爾 購機即享 AI 設計訂閱服務 - 蕃新聞
電商賣家工具,電商賣家笑呵呵 今年雙11台灣買氣暴增 - 匯流新聞網
電商賣家工具,"超強AI 去背軟體Aiarty Image Matting 限時免費！去背、更換背景、圖片放大超簡單，一鍵處理3,000 張照片 - 電腦王阿達"
電商賣家工具,不入電商紅海打混戰！BQool 要專注做賣家的軍火供應商 - 數位時代
電商賣家工具,您不可不知的電子商務行銷手法大公開！網路人氣賣家寶座唾手可得 - 經理人
電商賣家工具,[Meet創業之星] 專攻國際代購，電商平台Go1Buy1要做亞洲之王 - Meet創業小聚
電商賣家工具,資訊產業 - UDN
